{
	"credit": "Made with Blockbench",
	"textures": {
		"0": "item/bread",
		"1": "item/lime_dye",
		"2": "item/cooked_beef",
		"3": "item/yellow_candle",
		"particle": "item/bread"
	},
	"elements": [
		{
			"from": [4, 0, 4],
			"to": [12, 1, 12],
			"faces": {
				"north": {"uv": [5, 6, 13, 7], "texture": "#0"},
				"east": {"uv": [2, 7, 10, 8], "texture": "#0"},
				"south": {"uv": [3, 8, 11, 9], "texture": "#0"},
				"west": {"uv": [6, 4, 14, 5], "texture": "#0"},
				"up": {"uv": [0, 0, 8, 8], "texture": "#missing"},
				"down": {"uv": [3, 6, 9, 12], "texture": "#0"}
			}
		},
		{
			"from": [4, 3, 4],
			"to": [12, 4, 12],
			"faces": {
				"north": {"uv": [5, 6, 13, 7], "texture": "#0"},
				"east": {"uv": [2, 7, 10, 8], "texture": "#0"},
				"south": {"uv": [3, 8, 11, 9], "texture": "#0"},
				"west": {"uv": [6, 4, 14, 5], "texture": "#0"},
				"up": {"uv": [2, 8, 8, 14], "texture": "#0"},
				"down": {"uv": [3, 6, 9, 12], "texture": "#0"}
			}
		},
		{
			"from": [3, 1, 3],
			"to": [13, 2, 13],
			"faces": {
				"north": {"uv": [3, 8, 13, 9], "texture": "#1"},
				"east": {"uv": [2, 8, 12, 9], "texture": "#1"},
				"south": {"uv": [3, 7, 13, 8], "texture": "#1"},
				"west": {"uv": [3, 7, 13, 8], "texture": "#1"},
				"up": {"uv": [5, 5, 11, 11], "texture": "#1"},
				"down": {"uv": [5, 5, 12, 12], "texture": "#1"}
			}
		},
		{
			"from": [4, 2, 4],
			"to": [12, 3, 12],
			"faces": {
				"north": {"uv": [4, 8, 12, 9], "texture": "#2"},
				"east": {"uv": [3, 9, 11, 10], "texture": "#2"},
				"south": {"uv": [5, 9, 13, 10], "texture": "#2"},
				"west": {"uv": [3, 11, 11, 12], "texture": "#2"},
				"up": {"uv": [5, 7, 11, 13], "texture": "#2"},
				"down": {"uv": [0, 0, 8, 8], "texture": "#missing"}
			}
		},
		{
			"from": [3, 3, 3],
			"to": [13, 3, 13],
			"faces": {
				"north": {"uv": [0, 0, 10, 0], "texture": "#missing"},
				"east": {"uv": [0, 0, 10, 0], "texture": "#missing"},
				"south": {"uv": [0, 0, 10, 0], "texture": "#missing"},
				"west": {"uv": [0, 0, 10, 0], "texture": "#missing"},
				"up": {"uv": [5, 5, 10, 12], "texture": "#3"},
				"down": {"uv": [6, 4, 10, 13], "texture": "#3"}
			}
		}
	],
	"display": {
		"thirdperson_righthand": {
			"translation": [0, 3, 1],
			"scale": [0.55, 0.55, 0.55]
		},
		"firstperson_righthand": {
			"translation": [-4.5, 6.25, 0]
		},
		"ground": {
			"translation": [0, 6.5, 0]
		},
		"gui": {
			"rotation": [0, 125, 32],
			"translation": [2, 3.25, 0]
		},
		"head": {
			"translation": [0, 18.75, 0],
			"scale": [2, 2, 2]
		},
		"fixed": {
			"rotation": [-90, 0, 0],
			"translation": [0, 0, -10.5],
			"scale": [1.5, 1.5, 1.5]
		}
	}
}