{
    "parent": "minecraft:item/generated",
    "textures": {
      "layer0": "minecraft:item/cooked_beef"
    },
  
    "overrides": [
      {"predicate": {"custom_model_data":1}, "model": "minecraft:item/yakitori"},
      {"predicate": {"custom_model_data":2}, "model": "minecraft:item/stake_set"},
      {"predicate": {"custom_model_data":3}, "model": "minecraft:item/humburg_set"},
      {"predicate": {"custom_model_data":4}, "model": "minecraft:item/battery"},
      {"predicate": {"custom_model_data":5}, "model": "minecraft:item/ta-bin"},
      {"predicate": {"custom_model_data":6}, "model": "minecraft:item/crusher"},
      {"predicate": {"custom_model_data":7}, "model": "minecraft:item/injection"},
      {"predicate": {"custom_model_data":8}, "model": "minecraft:item/processing"},
      {"predicate": {"custom_model_data":9}, "model": "minecraft:item/uranium_pellets"},
      {"predicate": {"custom_model_data":10}, "model": "minecraft:item/depleted_uranium_pellet"},
      {"predicate": {"custom_model_data":11}, "model": "minecraft:item/empty_pellets"}
    ]
  }