{
	"credit": "Made with Blockbench",
	"textures": {
		"0": "block/netherite_block",
		"particle": "block/netherite_block"
	},
	"elements": [
		{
			"from": [2, 0, 0],
			"to": [14, 1, 16],
			"faces": {
				"north": {"uv": [0, 0, 12, 1], "texture": "#0"},
				"east": {"uv": [0, 0, 16, 1], "texture": "#0"},
				"south": {"uv": [0, 0, 12, 1], "texture": "#0"},
				"west": {"uv": [0, 0, 16, 1], "texture": "#0"},
				"up": {"uv": [2, 0, 14, 16], "texture": "#0"},
				"down": {"uv": [2, 0, 14, 16], "texture": "#0"}
			}
		}
	],
	"display": {
		"thirdperson_righthand": {
			"rotation": [-178.89, -84.87, -173.16],
			"translation": [0, 4, 1],
			"scale": [0.55, 0.55, 0.55]
		},
		"thirdperson_lefthand": {
			"translation": [0, 4, 1],
			"scale": [0.55, 0.55, 0.55]
		},
		"firstperson_righthand": {
			"rotation": [180, -73.5, 180],
			"translation": [0, 6.75, -4]
		},
		"ground": {
			"translation": [0, 5.75, 0]
		},
		"gui": {
			"rotation": [30.45, -22.35, 12.67],
			"translation": [-1.25, 5.25, 0]
		},
		"head": {
			"translation": [0, 14.25, 0]
		},
		"fixed": {
			"rotation": [90, 89.75, -180],
			"translation": [0, 0, -14.5],
			"scale": [2, 2, 2]
		}
	}
}