{
	"credit": "Made with Blockbench",
	"textures": {
		"0": "block/netherite_block",
		"2": "item/cooked_beef",
		"3": "item/green_dye",
		"particle": "block/netherite_block"
	},
	"elements": [
		{
			"from": [2, 0, 0],
			"to": [14, 1, 16],
			"faces": {
				"north": {"uv": [0, 0, 12, 1], "texture": "#0"},
				"east": {"uv": [0, 0, 16, 1], "texture": "#0"},
				"south": {"uv": [0, 0, 12, 1], "texture": "#0"},
				"west": {"uv": [0, 0, 16, 1], "texture": "#0"},
				"up": {"uv": [2, 0, 14, 16], "texture": "#0"},
				"down": {"uv": [2, 0, 14, 16], "texture": "#0"}
			}
		},
		{
			"from": [4, 1, 4],
			"to": [10, 4, 11],
			"faces": {
				"north": {"uv": [6, 7, 11, 9], "texture": "#2"},
				"east": {"uv": [3, 10, 10, 12], "texture": "#2"},
				"south": {"uv": [8, 9, 13, 11], "texture": "#2"},
				"west": {"uv": [6, 7, 13, 9], "texture": "#2"},
				"up": {"uv": [6, 6, 11, 13], "texture": "#2"},
				"down": {"uv": [0, 0, 5, 7], "texture": "#missing"}
			}
		},
		{
			"from": [11, 1, 2],
			"to": [13, 2, 5],
			"faces": {
				"north": {"uv": [4, 7, 6, 8], "texture": "#3"},
				"east": {"uv": [11, 5, 14, 6], "texture": "#3"},
				"south": {"uv": [6, 9, 8, 10], "texture": "#3"},
				"west": {"uv": [7, 4, 10, 5], "texture": "#3"},
				"up": {"uv": [8, 7, 10, 10], "texture": "#3"},
				"down": {"uv": [0, 0, 2, 3], "texture": "#missing"}
			}
		}
	],
	"display": {
		"thirdperson_righthand": {
			"rotation": [-178.89, -84.87, -173.16],
			"translation": [0, 4, 1],
			"scale": [0.55, 0.55, 0.55]
		},
		"thirdperson_lefthand": {
			"translation": [0, 4, 1],
			"scale": [0.55, 0.55, 0.55]
		},
		"firstperson_righthand": {
			"rotation": [180, -73.5, 180],
			"translation": [0, 6.75, -4]
		},
		"ground": {
			"translation": [0, 5.75, 0]
		},
		"gui": {
			"rotation": [30.45, -22.35, 12.67],
			"translation": [-1.25, 5.25, 0]
		},
		"head": {
			"translation": [0, 14.25, 0]
		},
		"fixed": {
			"rotation": [90, 89.75, -180],
			"translation": [0, 0, -14.5],
			"scale": [2, 2, 2]
		}
	}
}