{
	"credit": "Made with Blockbench",
	"textures": {
		"0": "item/cooked_beef",
		"1": "block/netherite_block",
		"2": "item/green_dye",
		"particle": "item/cooked_beef"
	},
	"elements": [
		{
			"from": [2, 0, 0],
			"to": [14, 1, 16],
			"faces": {
				"north": {"uv": [0, 0, 12, 1], "texture": "#1"},
				"east": {"uv": [0, 0, 16, 1], "texture": "#1"},
				"south": {"uv": [0, 0, 12, 1], "texture": "#1"},
				"west": {"uv": [0, 0, 16, 1], "texture": "#1"},
				"up": {"uv": [2, 0, 14, 16], "texture": "#1"},
				"down": {"uv": [2, 0, 14, 16], "texture": "#1"}
			}
		},
		{
			"from": [4, 1, 3],
			"to": [10, 2, 13],
			"faces": {
				"north": {"uv": [4, 8, 10, 9], "texture": "#0"},
				"east": {"uv": [3, 9, 13, 10], "texture": "#0"},
				"south": {"uv": [3, 10, 9, 11], "texture": "#0"},
				"west": {"uv": [2, 11, 12, 12], "texture": "#0"},
				"up": {"uv": [9, 4, 13, 12], "texture": "#0"},
				"down": {"uv": [0, 0, 6, 10], "texture": "#missing"}
			}
		},
		{
			"from": [11, 1, 4],
			"to": [13, 2, 6],
			"faces": {
				"north": {"uv": [8, 10, 10, 11], "texture": "#2"},
				"east": {"uv": [9, 11, 11, 12], "texture": "#2"},
				"south": {"uv": [9, 9, 11, 10], "texture": "#2"},
				"west": {"uv": [7, 7, 9, 8], "texture": "#2"},
				"up": {"uv": [5, 8, 7, 10], "texture": "#2"},
				"down": {"uv": [0, 0, 2, 2], "texture": "#missing"}
			}
		}
	],
	"display": {
		"thirdperson_righthand": {
			"rotation": [-178.89, -84.87, -173.16],
			"translation": [0, 4, 1],
			"scale": [0.55, 0.55, 0.55]
		},
		"thirdperson_lefthand": {
			"translation": [0, 4, 1],
			"scale": [0.55, 0.55, 0.55]
		},
		"firstperson_righthand": {
			"rotation": [180, -73.5, 180],
			"translation": [0, 6.75, -4]
		},
		"ground": {
			"translation": [0, 5.75, 0]
		},
		"gui": {
			"rotation": [30.45, -22.35, 12.67],
			"translation": [-1.25, 5.25, 0]
		},
		"head": {
			"translation": [0, 14.25, 0]
		},
		"fixed": {
			"rotation": [90, 89.75, -180],
			"translation": [0, 0, -14.5],
			"scale": [2, 2, 2]
		}
	}
}