{
	"credit": "Made with Blockbench",
	"textures": {
		"0": "block/white_wool",
		"1": "block/spruce_planks",
		"particle": "block/white_wool"
	},
	"elements": [
		{
			"from": [7, -1, 8],
			"to": [8, 13, 9],
			"faces": {
				"north": {"uv": [0, 0, 1, 14], "texture": "#1"},
				"east": {"uv": [0, 0, 1, 14], "texture": "#1"},
				"south": {"uv": [0, 0, 1, 14], "texture": "#1"},
				"west": {"uv": [0, 0, 1, 14], "texture": "#1"},
				"up": {"uv": [0, 0, 1, 1], "texture": "#1"},
				"down": {"uv": [0, 0, 1, 1], "texture": "#1"}
			}
		},
		{
			"from": [3, 4, 4],
			"to": [12, 14, 13],
			"faces": {
				"north": {"uv": [0, 0, 9, 10], "texture": "#0"},
				"east": {"uv": [0, 0, 9, 10], "texture": "#0"},
				"south": {"uv": [0, 0, 9, 10], "texture": "#0"},
				"west": {"uv": [0, 0, 9, 10], "texture": "#0"},
				"up": {"uv": [0, 0, 9, 9], "texture": "#0"},
				"down": {"uv": [0, 0, 9, 9], "texture": "#0"}
			}
		},
		{
			"from": [4, 14, 5],
			"to": [11, 15, 12],
			"faces": {
				"north": {"uv": [0, 0, 7, 1], "texture": "#0"},
				"east": {"uv": [0, 0, 7, 1], "texture": "#0"},
				"south": {"uv": [0, 0, 7, 1], "texture": "#0"},
				"west": {"uv": [0, 0, 7, 1], "texture": "#0"},
				"up": {"uv": [0, 0, 7, 7], "texture": "#0"},
				"down": {"uv": [0, 0, 7, 7], "texture": "#missing"}
			}
		}
	],
	"display": {
		"thirdperson_righthand": {
			"translation": [0, 2, 0],
			"scale": [0.7, 0.7, 0.7]
		},
		"firstperson_righthand": {
			"translation": [0, 0.75, -2.75]
		},
		"ground": {
			"translation": [0, 2, 0],
			"scale": [0.5, 0.5, 0.5]
		},
		"gui": {
			"rotation": [33, 58, -23]
		},
		"head": {
			"translation": [0, 5.5, 0]
		},
		"fixed": {
			"rotation": [-90, 0, 0],
			"translation": [1, 0, -7.25]
		}
	}
}