{
	"credit": "Made with Blockbench",
	"textures": {
		"0": "block/spruce_log_top",
		"1": "item/cooked_beef",
		"particle": "block/spruce_log_top"
	},
	"elements": [
		{
			"from": [0, 1, 7],
			"to": [16, 2, 8],
			"faces": {
				"north": {"uv": [0, 0, 16, 1], "texture": "#0"},
				"east": {"uv": [0, 0, 1, 1], "texture": "#0"},
				"south": {"uv": [0, 0, 16, 1], "texture": "#0"},
				"west": {"uv": [0, 0, 1, 1], "texture": "#0"},
				"up": {"uv": [0, 0, 16, 1], "texture": "#0"},
				"down": {"uv": [0, 0, 16, 1], "texture": "#0"}
			}
		},
		{
			"from": [0, 0, 6],
			"to": [11, 2, 9],
			"faces": {
				"north": {"uv": [4, 9, 13, 11], "texture": "#1"},
				"east": {"uv": [7, 8, 10, 10], "texture": "#1"},
				"south": {"uv": [2, 10, 13, 12], "texture": "#1"},
				"west": {"uv": [7, 11, 10, 13], "texture": "#1"},
				"up": {"uv": [3, 8, 14, 11], "texture": "#1"},
				"down": {"uv": [3, 10, 11, 13], "texture": "#1"}
			}
		}
	],
	"display": {
		"thirdperson_righthand": {
			"rotation": [-8, 93, -95],
			"translation": [0, 2.5, -3.5],
			"scale": [0.55, 0.55, 0.55]
		},
		"firstperson_righthand": {
			"rotation": [4, 41, -73],
			"translation": [1.13, 3.2, 1.13],
			"scale": [0.68, 0.68, 0.68]
		},
		"ground": {
			"translation": [0, 2, 0],
			"scale": [0.5, 0.5, 0.5]
		},
		"gui": {
			"rotation": [-92.72, -42.98, -177.9],
			"translation": [0.25, 1, -4.75]
		},
		"head": {
			"translation": [0, 14.25, 0]
		},
		"fixed": {
			"rotation": [88.25, 0, 0],
			"translation": [0, -0.5, 7.5]
		}
	}
}